{"project":{"profile":{"name":"OfficeWord","description":""},"commands":[{"father":"module","command":"{\"module_name\":\"OfficeWord\",\"module\":\"new\"}","option":"","var":"","index":0,"group":"scripts","execute":2,"if":"","children":[],"else":[],"id":"c5c9de47-1313-4ae7-da7d-79c3295287ac","mode_live":true,"getvar":"","screenshot":"","img":"","message":"module  {\"module_name\":\"OfficeWord\",\"module\":\"new\"}","extra":[],"result":"True"},{"father":"module","command":"{\"module_name\":\"OfficeWord\",\"module\":\"write\",\"text\":\"Hello World! \\\\n this is a test \\\\n Bye!\",\"type\":\"p\",\"size\":\"20\",\"align\":\"center\",\"bold\":\"False\",\"italic\":\"True\",\"underline\":\"False\"}","option":"","var":"","index":1,"group":"scripts","execute":2,"if":"","children":[],"else":[],"id":"0c38933c-8c1a-2600-02ac-d824eca2de61","mode_live":true,"getvar":"","extra_data":null,"screenshot":"","img":"","message":"module  {\"module_name\":\"OfficeWord\",\"module\":\"write\",\"text\":\"Hello World! \\\\n this is a test \\\\n Bye!\",\"type\":\"p\",\"size\":\"20\",\"align\":\"center\",\"bold\":\"False\",\"italic\":\"True\",\"underline\":\"False\"}","extra":[],"result":"True"},{"father":"module","command":"{\"module_name\":\"OfficeWord\",\"module\":\"new_page\"}","option":"","var":"","index":2,"group":"scripts","execute":2,"if":"","children":[],"else":[],"id":"609ff75b-6ab5-cc60-b73d-b649dcd33686","mode_live":true,"getvar":"","extra_data":null,"screenshot":"","img":"","message":"module  {\"module_name\":\"OfficeWord\",\"module\":\"new_page\"}","extra":[],"result":"True"},{"father":"module","command":"{\"module_name\":\"OfficeWord\",\"module\":\"write\",\"text\":\"Image:\",\"type\":\"title\",\"size\":\"18\",\"align\":\"center\",\"bold\":\"True\",\"italic\":\"False\",\"underline\":\"True\"}","option":"","var":"","index":3,"group":"scripts","execute":2,"if":"","children":[],"else":[],"id":"1f71e178-a12e-114d-5384-74c348bc4ec6","mode_live":true,"getvar":"","extra_data":null,"screenshot":"","img":"","message":"module  {\"module_name\":\"OfficeWord\",\"module\":\"write\",\"text\":\"Image:\",\"type\":\"title\",\"size\":\"18\",\"align\":\"center\",\"bold\":\"True\",\"italic\":\"False\",\"underline\":\"True\"}","extra":[],"result":"True"},{"father":"module","command":"{\"module_name\":\"OfficeWord\",\"module\":\"add_pic\",\"img_path\":\"C:/Users/Usuario/Downloads/rocket.jpg\"}","option":"","var":"","index":4,"group":"scripts","execute":2,"if":"","children":[],"else":[],"id":"5de18b43-c926-3b80-3aba-c80798f58cbd","mode_live":true,"getvar":"","extra_data":null,"screenshot":"","img":"","message":"module  {\"module_name\":\"OfficeWord\",\"module\":\"add_pic\",\"img_path\":\"C:/Users/Marce/Downloads/rocket.jpg\"}","extra":[],"result":"True"},{"father":"module","command":"{\"module_name\":\"OfficeWord\",\"module\":\"save\",\"path\":\"C:/Users/Usuario/Desktop/test.docx\"}","option":"","var":"","index":5,"group":"scripts","execute":2,"if":"","children":[],"else":[],"id":"59566206-96d0-ce6e-1338-222fdd168c0c","mode_live":true,"getvar":"","extra_data":null,"screenshot":"","img":"","message":"module  {\"module_name\":\"OfficeWord\",\"module\":\"save\",\"path\":\"C:/Users/Marce/Desktop/test.docx\"}","extra":[],"result":"True"},{"father":"module","command":"{\"module_name\":\"OfficeWord\",\"module\":\"close\"}","option":"","var":"","index":6,"group":"scripts","execute":2,"if":"","children":[],"else":[],"id":"f2568ad0-f0aa-846f-2e72-e8fefe58e62c","mode_live":true,"getvar":"","extra_data":null,"screenshot":"","img":"","message":"module  {\"module_name\":\"OfficeWord\",\"module\":\"close\"}","extra":[],"result":"True"},{"father":"module","command":"{\"module_name\":\"OfficeWord\",\"module\":\"to_pdf\",\"from\":\"C:/Users/Usuario/Desktop/test.docx\",\"to\":\"C:/Users/Marce/Desktop/test.pdf\"}","option":"","var":"","index":7,"group":"scripts","execute":2,"if":"","children":[],"else":[],"id":"990b8bac-57ae-816e-1f62-2b29b1a067e6","mode_live":true,"getvar":"","extra_data":null,"screenshot":"","img":"","message":"module  {\"module_name\":\"OfficeWord\",\"module\":\"to_pdf\",\"from\":\"C:/Users/Marce/Desktop/test.docx\",\"to\":\"C:/Users/Marce/Desktop/test.pdf\"}","extra":[],"result":"True"},{"father":"module","command":"{\"module_name\":\"OfficeWord\",\"module\":\"open\",\"path\":\"C:/Users/Usuario/Desktop/test.docx\"}","option":"","var":"","index":8,"group":"scripts","execute":2,"if":"","children":[],"else":[],"id":"9e0246c0-8ce7-7fe3-92cd-3ad72988ec55","mode_live":true,"getvar":"","extra_data":null,"screenshot":"","img":"","message":"module  {\"module_name\":\"OfficeWord\",\"module\":\"open\",\"path\":\"C:/Users/Marce/Desktop/test.docx\"}","extra":[],"result":"True"},{"father":"module","command":"{\"module_name\":\"OfficeWord\",\"module\":\"count_paragraphs\",\"variable\":\"cont\"}","option":"","var":"","index":9,"group":"scripts","execute":2,"if":"","children":[],"else":[],"id":"dc252050-ac61-64b0-bdb0-984f7cde1874","mode_live":true,"getvar":"","screenshot":"","img":""},{"father":"module","command":"{\"module_name\":\"OfficeWord\",\"module\":\"read\",\"result\":\"datos\"}","option":"","var":"","index":10,"group":"scripts","execute":2,"if":"","children":[],"else":[],"id":"b5137a18-563d-9f6c-06df-75ac51984b86","mode_live":true,"getvar":"","extra_data":null,"screenshot":"","img":"","message":"module  {\"module_name\":\"OfficeWord\",\"module\":\"read\",\"result\":\"datos\"}","extra":[],"result":"True"},{"father":"module","command":"{\"module_name\":\"OfficeWord\",\"module\":\"search_text\",\"text_search\":\"hello world\",\"variable\":\"res\"}","option":"","var":"","index":11,"group":"scripts","execute":2,"if":"","children":[],"else":[],"id":"e7bfb1c3-2576-f762-feb1-d3e87fe203d3","mode_live":true,"getvar":"","extra_data":null,"screenshot":"","img":""},{"father":"module","command":"{\"module_name\":\"OfficeWord\",\"module\":\"search_replace_text\",\"text_search\":\"hello world\",\"text_replace\":\"hola mundo\"}","option":"","var":"","index":12,"group":"scripts","execute":2,"if":"","children":[],"else":[],"id":"5b152403-8e24-2fe7-2b49-35e8307a160b","mode_live":true,"getvar":"","extra_data":null,"screenshot":"","img":""},{"father":"module","command":"{\"module_name\":\"OfficeWord\",\"module\":\"close\"}","option":"","var":"","index":13,"group":"scripts","execute":2,"if":"","children":[],"else":[],"id":"42fe86b4-4778-1e60-7f40-0b18a835ad8d","mode_live":true,"getvar":"","extra_data":null,"screenshot":"","img":"","message":"module  {\"module_name\":\"OfficeWord\",\"module\":\"close\"}","extra":[],"result":"True"}],"vars":[{"name":"datos","data":"Hello World! \n\nthis is a test \n\nBye!\n\n\n\n\nImage:","type":"string","$$hashKey":"object:2196"},{"name":"res","data":"","type":"string","$$hashKey":"object:2932"},{"name":"cont","data":"","type":"string","$$hashKey":"object:2934"}],"ifs":[]}}